lr,hidden_size,acc,micro, macro
2e-05,25,0.5742088607594936,0.5741475019825535,0.5754500580955213,
2e-05,50,0.5631329113924051,0.56304520222046,0.5635075250458836,
2e-05,100,0.5912974683544303,0.5908009516256939,0.5891046047401722,
2e-05,200,0.5900316455696202,0.5900079302141158,0.5873635591584898,
2e-05,500,0.6069620253164557,0.6074544012688342,0.6032562465702499,
