Model1,Model2,u_score,p_val
BERT,BERT 9,235298.0,0.49996741684066653
BERT,BERT 22,225694.0,0.05602899377873736
BERT 9,BERT 22,225694.0,0.05602899377873736
