Model1,Model2,u_score,p_val
BERT,BERT 9,226404.0,0.11250080555493763
BERT,BERT 22,230850.0,0.3112742333586912
BERT 9,BERT 22,223326.0,0.04407412892461561
