Model1,Model2,u_score,p_val
BERT,BERT 9,36437.5,0.1912014486424538
BERT,BERT 22,36712.5,0.24272769432349334
BERT 9,BERT 22,37537.5,0.430258264864242
