Model1,Model2,u_score,p_val
BERT,BERT 9,3233067.5,0.010244523910545292
BERT,BERT 22,3205937.5,0.002132459936111156
BERT 9,BERT 22,3320238.5,0.284110715530418
